Sample,Homo,Het,Haploid.Cov,Error.Rate,Model.Fit,Genome.Size..b.,Genome.Size..Mb.,Label,Pop.x,Family,Env.x,Sex,Treatment,Sample.1,EPSPS_het,EPSPS_cov,EPSPS_copy,EPSPS_err,EPSPS_fit,EPSPS_length,scaling,EPSPS_scaledcov,EPSPS_scaledcopy,EPSPS_mapped_cov_mean,EPSPS_mapped_cov_var,Env.y,Pop.y,Lat,Long,Pair,plinkorder,sample2,Long,Lat
342,97.8,2.16,13.1,0.00424,0.939,562115666,562.115666,Allentown_Ag_124_F_So,Allentown,124,Ag,F,So,342,0.0139,53.2,4.061068702,0.00697,4.32,11098,1.1098,59.04136,4.506974046,4.216611,0.967375,Agricultural,Allentown,40.55406597,-89.48221204,12,128,342,-89.48221204,40.55406597
450,97.1,2.86,14.4,0.00322,0.724,538712096,538.712096,Knox_Nat_129_F_Co,Knox,129,Nat,F,Co,450,0.0264,14.9,1.034722222,0.00543,0.613,11252,1.1252,16.76548,1.164269444,1.076537,0.168312,Natural,Knox,41.31732501,-86.746256,15,110,450,-86.746256,41.31732501
503,97.3,2.72,13.3,0.00492,0.989,524468355,524.468355,Mccombe_Ag_4_F_Wa,Mccombe,4,Ag,F,Wa,503,1.00E-05,7.46,0.4721518987,0.00535,0.4,24359,2.4359,18.171814,1.15011481,1.179016,0.259149,Agricultural,Mccombe,41.06360497,-83.78943597,2,21,503,-83.78943597,41.06360497
556,97.6,2.39,16.5,0.00342,0.965,514089892,514.089892,Hernan_Ag_120_NA_Wa,Hernan,120,Ag,NA,Wa,556,0.0129,48.7,3.580882353,0.00626,1.77,10989,1.0989,53.51643,3.935031618,3.286214,0.458992,Agricultural,Hernan,38.63920603,-91.51230698,9,20,556,-91.51230698,38.63920603
4801,97.7,2.27,11.4,0.00286,0.794,535874656,535.874656,Hernan_Ag_86_M_Co,Hernan,86,Ag,M,Co,4801,0.00128,35.3,2.654135338,0.00658,0.958,11768,1.1768,41.54104,3.123386466,3.566278,0.5293,Agricultural,Hernan,38.63920603,-91.51230698,9,133,4801,-91.51230698,38.63920603
4802,97,2.95,13.3,0.00296,0.731,560942888,560.942888,Allentown_Ag_24_F_Wa,Allentown,24,Ag,F,Wa,4802,0.00159,43.7,2.648484848,0.00576,1.33,10974,1.0974,47.95638,2.906447273,3.35316,0.575802,Agricultural,Allentown,40.55406597,-89.48221204,12,80,4802,-89.48221204,40.55406597
4803,97.1,2.85,14.1,0.00307,0.754,533533114,533.533114,FoxRidge_Nat_199_F_Wa,FoxRidge,199,Nat,F,Wa,4803,0.0239,14.6,1.280701754,0.004,0.671,12257,1.2257,17.89522,1.56975614,1.164527,0.243804,Natural,FoxRidge,39.393248,-88.163216,4,83,4803,-88.163216,39.393248
4806,97.3,2.69,12.8,0.00262,0.722,528787074,528.787074,WeldonSprings_Nat_15_F_Co,WeldonSprings,15,Nat,F,Co,4806,0.1,23.6,1.77443609,0.0173,0.584,5075,0.5075,11.977,0.9005263158,1.116444,0.106826,Natural,WeldonSprings,38.65643696,-90.73639403,8,79,4806,-90.73639403,38.65643696
4809,96.8,3.22,14.3,0.0023,0.724,561666855,561.666855,Pekin_Nat_150_F_Co,Pekin,150,Nat,F,Co,4809,0.0152,13.8,0.9787234043,0.00408,0.984,12801,1.2801,17.66538,1.25286383,1.04624,0.405365,Natural,Pekin,40.57469501,-89.65567603,12,101,4809,-89.65567603,40.57469501
4810,97,2.95,12.2,0.00228,1,569610640,569.61064,Keysport_Nat_197_M_Co,Keysport,197,Nat,M,Co,4810,0.0153,18.3,1.4296875,0.00666,0.517,11391,1.1391,20.84553,1.628557031,1.504869,0.159442,Natural,Keysport,38.732444,-89.277403,5,146,4810,-89.277403,38.732444
4813,97.5,2.55,12.8,0.00285,0.942,518594016,518.594016,Lawrence_Nat_101_F_Wa,Lawrence,101,Nat,F,Wa,4813,0.00554,25,1.748251748,0.00758,2.17,11098,1.1098,27.745,1.94020979,2.171054,0.350131,Natural,Lawrence,38.927036,-95.241462,17,117,4813,-95.241462,38.927036
4814,96.7,3.31,14.1,0.00265,0.835,528530158,528.530158,Jackson_Ag_20_F_Wa,Jackson,20,Ag,F,Wa,4814,1.00E-05,7.16,0.5868852459,0.00371,0.726,24627,2.4627,17.632932,1.445322295,1.095457,0.082737,Agricultural,Jackson,39.463458,-91.98047097,10,58,4814,-91.98047097,39.463458
4819,97.2,2.76,12.5,0.0032,0.858,530620247,530.620247,Pontiac_Nat_25_M_So,Pontiac,25,Nat,M,So,4819,0.0225,13.9,1.0859375,0.00518,0.332,11634,1.1634,16.17126,1.263379688,1.19192,0.354732,Natural,Pontiac,40.87326997,-88.62446599,13,60,4819,-88.62446599,40.87326997
4820,97,3.04,14.1,0.00253,0.709,550766396,550.766396,Hickory_Ag_90_M_Wa,Hickory,90,Ag,M,Wa,4820,0.0222,14.5,1.028368794,0.00666,0.222,11134,1.1134,16.1443,1.144985816,1.106761,0.291588,Agricultural,Hickory,40.17519498,-90.26269396,11,56,4820,-90.26269396,40.17519498
4821,97.3,2.66,14.1,0.00223,0.605,570487434,570.487434,Gascondale_Nat_51_F_Co,Gascondale,51,Nat,F,Co,4821,0.0043,25.6,2.048,0.00663,1.69,12301,1.2301,31.49056,2.5192448,2.002971,0.534191,Natural,Gascondale,38.66783702,-91.55559699,9,57,4821,-91.55559699,38.66783702
4822,96.9,3.06,13.4,0.00196,0.671,543383187,543.383187,Keysport_Nat_191_M_Co,Keysport,191,Nat,M,Co,4822,0.124,22.2,1.574468085,0.0169,1.2,5244,0.5244,11.64168,0.8256510638,0.990444,0.162092,Natural,Keysport,38.732444,-89.277403,5,53,4822,-89.277403,38.732444
4826,96.5,3.53,13.2,0.00231,1.19,525025150,525.02515,Pontoon_Nat_45_M_Co,Pontoon,45,Nat,M,Co,4826,0.0078,24.2,1.716312057,0.00588,3.05,11847,1.1847,28.66974,2.033314894,2.145032,0.425777,Natural,Pontoon,38.699066,-90.068054,6,70,4826,-90.068054,38.699066
4828,97.4,2.6,11.7,0.0019,0.573,540102818,540.102818,Nunemaker_Ag_100_M_Co,Nunemaker,100,Ag,M,Co,4828,0.00102,47.9,3.574626866,0.00496,1.12,10789,1.0789,51.67931,3.856664925,4.300915,0.740663,Agricultural,Nunemaker,38.988681,-95.215847,16,41,4828,-95.215847,38.988681
4830,97.1,2.87,10.9,0.00265,0.548,534286358,534.286358,MarkTwain_Nat_19_F_Co,MarkTwain,19,Nat,F,Co,4830,0.105,18.1,1.371212121,0.0156,1.46,5856,0.5856,10.59936,0.8029818182,1.071802,0.128693,Natural,MarkTwain,39.46407096,-91.68243396,10,77,4830,-91.68243396,39.46407096
4832,96.5,3.46,11.3,0.00222,0.584,558324540,558.32454,Kakanee_Nat_181_M_So,Kakanee,181,Nat,M,So,4832,0.138,21,1.794871795,0.0173,0.586,5055,0.5055,10.6155,0.9073076923,1.069952,0.182479,Natural,Kakanee,41.15132703,-87.89857297,14,92,4832,-87.89857297,41.15132703
4841,97,2.95,13.6,0.00321,0.865,513110162,513.110162,Pontiac_Nat_93_M_Co,Pontiac,93,Nat,M,Co,4841,0.0202,15.1,1.385321101,0.00458,1.15,11379,1.1379,17.18229,1.576356881,1.113472,0.115517,Natural,Pontiac,40.87326997,-88.62446599,13,180,4841,-88.62446599,40.87326997
4846,97.3,2.66,16.5,0.00335,1.05,486210078,486.210078,Lawrence_Nat_173_M_So,Lawrence,173,Nat,M,So,4846,0.0022,47.8,4.230088496,0.00651,1.84,10870,1.087,51.9586,4.598106195,3.094492,0.53013,Natural,Lawrence,38.927036,-95.241462,17,100,4846,-95.241462,38.927036
4850,96.8,3.23,16.7,0.00321,0.728,512619072,512.619072,Mccombe_Ag_72_F_Wa,Mccombe,72,Ag,F,Wa,4850,0.00677,9.45,0.6948529412,0.00399,0.743,21238,2.1238,20.06991,1.475728676,1.096707,0.327764,Agricultural,Mccombe,41.06360497,-83.78943597,2,102,4850,-83.78943597,41.06360497
4854,97.3,2.71,14.4,0.00267,0.765,527127258,527.127258,Greenup_Ag_76_F_Co,Greenup,76,Ag,F,Co,4854,0.00223,44.5,2.696969697,0.00609,1.52,11277,1.1277,50.18265,3.041372727,3.384055,0.803276,Agricultural,Greenup,39.305104,-88.139778,4,51,4854,-88.139778,39.305104
4860,96.9,3.07,12.6,0.00389,1.01,518408244,518.408244,Pekin_Nat_123_M_So,Pekin,123,Nat,M,So,4860,0.152,21.9,1.311377246,0.0122,1.73,6535,0.6535,14.31165,0.8569850299,1.102063,0.229719,Natural,Pekin,40.57469501,-89.65567603,12,181,4860,-89.65567603,40.57469501
4861,97.3,2.67,15.7,0.00318,0.702,522547215,522.547215,Greenup_Ag_190_F_Co,Greenup,190,Ag,F,Co,4861,0.0186,16.2,1.125,0.00492,0.513,11832,1.1832,19.16784,1.3311,1.145947,0.143322,Agricultural,Greenup,39.305104,-88.139778,4,105,4861,-88.139778,39.305104
4862,97.5,2.48,12.5,0.00183,0.673,543953470,543.95347,Baldwin_Ag_34_F_Co,Baldwin,34,Ag,F,Co,4862,0.1,17.8,1.412698413,0.00396,3.07,9905,0.9905,17.6309,1.399277778,0.988185,0.111893,Agricultural,Baldwin,38.782048,-95.171401,17,33,4862,-95.171401,38.782048
4866,97.4,2.56,13.6,0.00348,0.949,515610240,515.61024,Pontoon_Nat_11_F_Wa,Pontoon,11,Nat,F,Wa,4866,0.00463,27.2,1.732484076,0.00644,2.28,11739,1.1739,31.93008,2.033763057,2.322241,0.395539,Natural,Pontoon,38.699066,-90.068054,6,160,4866,-90.068054,38.699066
4869,97,3,12.7,0.00242,1.06,509096128,509.096128,Kansas_Nat_131_F_Wa,Kansas,131,Nat,F,Wa,4869,0.0317,13.3,1.064,0.00643,0.44,10263,1.0263,13.64979,1.0919832,1.052222,0.227898,Natural,Kansas,39.001464,-95.239938,16,90,4869,-95.239938,39.001464
4873,97.2,2.84,11.1,0.00247,0.64,538334505,538.334505,Bradley_Ag_28_F_Co,Bradley,28,Ag,F,Co,4873,4.60E-03,22.1,1.625,0.00592,0.997,11269,1.1269,24.90449,1.8312125,2.100591,0.285796,Agricultural,Bradley,41.16467102,-87.81988903,14,85,4873,-87.81988903,41.16467102
4875,90.4,9.58,20.1,0.0135,1.23,246497027,246.497027,Weston_Ag_104_F_Wa,Weston,104,Ag,F,Wa,4875,0.18,19.7,1.551181102,0.00625,2.26,10491,1.0491,20.66727,1.627344094,1.200646,0.328376,Agricultural,Weston,41.37218297,-83.79889,1,109,4875,-83.79889,41.37218297
4876,96.9,3.13,14.8,0.00303,0.73,553376427,553.376427,Maume_Nat_35_F_Co,Maume,35,Nat,F,Co,4876,0.0168,15.2,1.369369369,0.00482,0.507,11320,1.132,17.2064,1.550126126,1.0588,0.135793,Natural,Maume,41.55656599,-83.66247503,1,66,4876,-83.66247503,41.55656599
4882,97.3,2.71,13,0.00226,0.802,541781510,541.78151,MarkTwain_Nat_53_M_Wa,MarkTwain,53,Nat,M,Wa,4882,0.00244,31.5,1.567164179,0.00546,1.87,11983,1.1983,37.74645,1.877932836,2.747158,0.722319,Natural,MarkTwain,39.46407096,-91.68243396,10,106,4882,-91.68243396,39.46407096
4886,97.2,2.82,13,0.00286,0.719,529736917,529.736917,Mulberry_Ag_180_M_Wa,Mulberry,180,Ag,M,Wa,4886,0.00452,23.7,1.601351351,0.00732,1.44,11571,1.1571,27.42327,1.852923649,2.128193,0.362913,Agricultural,Mulberry,38.755485,-89.272475,5,15,4886,-89.272475,38.755485
4887,96.9,3.07,11.8,0.0028,0.706,526940977,526.940977,HWY66_Ag_60_F_Co,HWY66,60,Ag,F,Co,4887,0.00493,21.5,1.653846154,0.00713,1.68,12040,1.204,25.886,1.991230769,2.148926,0.357236,Agricultural,HWY66,40.82949003,-88.66930699,13,76,4887,-88.66930699,40.82949003
4888,96.9,3.15,15.1,0.00281,0.751,530709830,530.70983,Maume_Nat_160_F_So,Maume,160,Nat,F,So,4888,0.0323,15.4,1.184615385,0.00379,0.695,11350,1.135,17.479,1.344538462,1.015014,0.124533,Natural,Maume,41.55656599,-83.66247503,1,71,4888,-83.66247503,41.55656599
4891,97,3.04,13.3,0.00417,1.1,521042030,521.04203,Knox_Nat_97_M_Wa,Knox,97,Nat,M,Wa,4891,0.0212,13.5,1.144067797,0.00389,0.777,12656,1.2656,17.0856,1.447932203,1.162374,0.527466,Natural,Knox,41.31732501,-86.746256,15,111,4891,-86.746256,41.31732501
4895,97.4,2.56,12.8,0.00212,0.587,538280036,538.280036,Baldwin_Ag_102_F_Co,Baldwin,102,Ag,F,Co,4895,0.001,56.4,3.735099338,0.00483,1.7,11019,1.1019,62.14716,4.11570596,4.400806,0.881838,Agricultural,Baldwin,38.782048,-95.171401,17,108,4895,-95.171401,38.782048
4899,97.1,2.87,14.3,0.00305,0.776,516070118,516.070118,Mulberry_Ag_198_M_So,Mulberry,198,Ag,M,So,4899,0.0158,61.2,4.601503759,0.00627,4.38,10910,1.091,66.7692,5.020240602,4.725973,1.534331,Agricultural,Mulberry,38.755485,-89.272475,5,49,4899,-89.272475,38.755485
4902,97,2.97,14.3,0.00273,0.733,518483592,518.483592,Gascondale_Nat_166_M_So,Gascondale,166,Nat,M,So,4902,0.0106,20.3,1.5859375,0.00599,1.25,11435,1.1435,23.21305,1.813519531,1.601199,0.20714,Natural,Gascondale,38.66783702,-91.55559699,9,47,4902,-91.55559699,38.66783702
4907,97.1,2.88,13.1,0.00303,1.15,498345984,498.345984,Greenup_Ag_8_F_Co,Greenup,8,Ag,F,Co,4907,0.00545,8.13,0.5685314685,0.00358,0.126,21445,2.1445,17.434785,1.219215734,1.280997,0.22964,Agricultural,Greenup,39.305104,-88.139778,4,32,4907,-88.139778,39.305104
4909,97.5,2.49,15.4,0.00415,0.715,534903026,534.903026,Bradley_Ag_153_M_Co,Bradley,153,Ag,M,Co,4909,0.0113,66,4.615384615,0.00698,3.89,11156,1.1156,73.6296,5.148923077,4.70655,0.868137,Agricultural,Bradley,41.16467102,-87.81988903,14,63,4909,-87.81988903,41.16467102
4912,97.2,2.84,13.3,0.00312,0.853,534875554,534.875554,FoxRidge_Nat_75_F_Co,FoxRidge,75,Nat,F,Co,4912,2.41E-02,13.7,1.045801527,0.0049,1.62,11842,1.1842,16.22354,1.238438168,1.063568,0.187652,Natural,FoxRidge,39.393248,-88.163216,4,93,4912,-88.163216,39.393248
4917,97.1,2.92,11.3,0.00359,0.669,569330104,569.330104,Weston_Ag_136_M_Co,Weston,136,Ag,M,Co,4917,0.0266,12.8,0.8311688312,0.00351,0.505,11167,1.1167,14.29376,0.9281662338,1.081533,0.191499,Agricultural,Weston,41.37218297,-83.79889,1,48,4917,-83.79889,41.37218297
4919,96.9,3.1,13.5,0.00234,0.962,539437988,539.437988,Aurora_Nat_5_F_Wa,Aurora,5,Nat,F,Wa,4919,0.0183,15,1.127819549,0.00592,0.736,11294,1.1294,16.941,1.273759398,1.129918,0.29942,Natural,Aurora,39.05562996,-84.89810603,3,68,4919,-84.89810603,39.05562996
4921,97.7,2.28,11.7,0.00308,0.74,559559606,559.559606,Lawrence_Nat_133_F_So,Lawrence,133,Nat,F,So,4921,0.00241,37.2,3.292035398,0.00472,0.875,10851,1.0851,40.36572,3.572187611,3.133008,0.540681,Natural,Lawrence,38.927036,-95.241462,17,43,4921,-95.241462,38.927036
4925,97.2,2.83,13.2,0.00332,0.771,531198086,531.198086,Pontoon_Nat_79_F_Co,Pontoon,79,Nat,F,Co,4925,0.0201,52.1,3.859259259,0.00334,1.08,11209,1.1209,58.39889,4.325843704,4.134891,0.643108,Natural,Pontoon,38.699066,-90.068054,6,42,4925,-90.068054,38.699066
4928,97.1,2.89,13.2,0.00188,0.711,537725275,537.725275,Mulberry_Ag_192_F_So,Mulberry,192,Ag,F,So,4928,0.00162,39.7,3.393162393,0.00288,0.729,11098,1.1098,44.05906,3.765731624,3.036152,0.441063,Agricultural,Mulberry,38.755485,-89.272475,5,37,4928,-89.272475,38.755485
4933,97.3,2.67,15.3,0.00392,1.1,509127561,509.127561,Kansas_Nat_65_M_Wa,Kansas,65,Nat,M,Wa,4933,0.00114,58.5,4.431818182,0.00513,1.08,10922,1.0922,63.8937,4.840431818,4.07102,0.752271,Natural,Kansas,39.001464,-95.239938,16,107,4933,-95.239938,39.001464
4935,97.1,2.95,14.9,0.00344,0.781,513599670,513.59967,Granite_Ag_114_M_Co,Granite,114,Ag,M,Co,4935,0.00591,15.1,1.143939394,0.00546,0.881,11546,1.1546,17.43446,1.320792424,1.130601,0.183349,Agricultural,Granite,38.670222,-90.065665,6,36,4935,-90.065665,38.670222
4939,97.2,2.76,13.5,0.00291,0.905,514303532,514.303532,Gascondale_Nat_147_M_Co,Gascondale,147,Nat,M,Co,4939,1.00E-05,7.57,0.4947712418,0.00473,0.415,22239,2.2239,16.834923,1.100321765,1.135737,0.288715,Natural,Gascondale,38.66783702,-91.55559699,9,150,4939,-91.55559699,38.66783702
4944,96.8,3.2,13.3,0.00232,0.738,543468362,543.468362,Browning_Nat_89_F_Co,Browning,89,Nat,F,Co,4944,0.0264,12.3,0.8255033557,0.00415,0.866,12688,1.2688,15.60624,1.047398658,1.015878,0.193299,Natural,Browning,40.12487104,-90.36914203,11,67,4944,-90.36914203,40.12487104
4948,97.6,2.36,12.2,0.00324,0.915,525251964,525.251964,Hernan_Ag_18_M_Wa,Hernan,18,Ag,M,Wa,4948,0.00373,24.8,1.837037037,0.00667,1.64,11505,1.1505,28.5324,2.113511111,2.310154,0.349548,Agricultural,Hernan,38.63920603,-91.51230698,9,46,4948,-91.51230698,38.63920603
4955,97,2.98,13.8,0.00251,1.27,525678371,525.678371,Weston_Ag_2_F_Co,Weston,2,Ag,F,Co,4955,0.00071,8.8,0.6616541353,0.00421,1.43,25108,2.5108,22.09504,1.661281203,1.35627,0.530443,Agricultural,Weston,41.37218297,-83.79889,1,35,4955,-83.79889,41.37218297
4958,97.3,2.74,14.5,0.00431,0.672,535352000,535.352,Keysport_Nat_164_F_Co,Keysport,164,Nat,F,Co,4958,0.00336,25.6,2.098360656,0.00748,2.28,11756,1.1756,30.09536,2.466832787,2.043618,0.247654,Natural,Keysport,38.732444,-89.277403,5,34,4958,-89.277403,38.732444
4960,97.4,2.59,11.8,0.00325,0.82,560553643,560.553643,Knox_Nat_63_F_So,Knox,63,Nat,F,So,4960,0.0261,12.2,0.884057971,0.00735,0,11924,1.1924,14.54728,1.054150725,1.05928,0.337897,Natural,Knox,41.31732501,-86.746256,15,65,4960,-86.746256,41.31732501
4964,97.1,2.89,13,0.0031,0.867,520878712,520.878712,Aurora_Nat_39_M_Co,Aurora,39,Nat,M,Co,4964,0.0263,13.3,0.9172413793,0.00654,0.342,11704,1.1704,15.56632,1.07353931,1.054534,0.108793,Natural,Aurora,39.05562996,-84.89810603,3,23,4964,-84.89810603,39.05562996
4965,97.4,2.55,12.3,0.00259,0.773,556053340,556.05334,Allentown_Ag_92_F_Wa,Allentown,92,Ag,F,Wa,4965,0.00131,42.7,3.618644068,0.00489,1.18,11163,1.1163,47.66601,4.039492373,3.587612,0.853436,Agricultural,Allentown,40.55406597,-89.48221204,12,31,4965,-89.48221204,40.55406597
4966,97.2,2.8,12.9,0.00224,0.846,545565616,545.565616,Greenup_Ag_178_F_So,Greenup,178,Ag,F,So,4966,0.000857,66.2,5.092307692,0.00344,1.31,10733,1.0733,71.05246,5.465573846,5.019284,2.349308,Agricultural,Greenup,39.305104,-88.139778,4,29,4966,-88.139778,39.305104
4968,97.4,2.6,14.5,0.00225,0.99,510363140,510.36314,Kansas_Nat_183_F_Co,Kansas,183,Nat,F,Co,4968,0.0244,16.4,1.333333333,0.00516,0.302,11143,1.1143,18.27452,1.485733333,1.18276,0.09582,Natural,Kansas,39.001464,-95.239938,16,27,4968,-95.239938,39.001464
4977,96.9,3.06,13.4,0.00273,0.964,509377154,509.377154,Pontiac_Nat_151_F_Co,Pontiac,151,Nat,F,Co,4977,0.00134,63.6,4.930232558,0.00401,1.99,10789,1.0789,68.61804,5.319227907,5.153896,1.032816,Natural,Pontiac,40.87326997,-88.62446599,13,179,4977,-88.62446599,40.87326997
4979,97.1,2.91,15.3,0.00238,0.724,522436876,522.436876,FoxRidge_Nat_195_M_Co,FoxRidge,195,Nat,M,Co,4979,0.211,28.2,1.944827586,0.0113,1.66E+00,5405,0.5405,15.2421,1.05117931,1.093478,0.170045,Natural,FoxRidge,39.393248,-88.163216,4,55,4979,-88.163216,39.393248
4981,97.5,2.47,14.7,0.00372,1.18,536685622,536.685622,Hernan_Ag_52_F_So,Hernan,52,Ag,F,So,4981,0.000831,46.2,3.447761194,0.0034,2.55,11571,1.1571,53.45802,3.989404478,3.295501,0.757473,Agricultural,Hernan,38.63920603,-91.51230698,9,87,4981,-91.51230698,38.63920603
4982,97.1,2.92,12.1,0.00323,0.81,534269314,534.269314,Prairie_Ag_30_M_Co,Prairie,30,Ag,M,Co,4982,0.0273,13.4,0.8758169935,0.00726,5.28E-06,10658,1.0658,14.28172,0.9334457516,1.134755,0.194258,Agricultural,Prairie,41.35604002,-86.73699299,15,94,4982,-86.73699299,41.35604002
4984,96.9,3.08,11.4,0.00217,0.621,542882189,542.882189,Keysport_Nat_77_M_Co,Keysport,77,Nat,M,Co,4984,0.00733,26.4,1.795918367,0.00701,2.54,11954,1.1954,31.55856,2.146840816,2.408986,0.568212,Natural,Keysport,38.732444,-89.277403,5,142,4984,-89.277403,38.732444
4989,97.1,2.94,13.8,0.00283,0.629,538564334,538.564334,Bradley_Ag_62_M_Co,Bradley,62,Ag,M,Co,4989,0.0019,44.6,3.685950413,0.0058,1.34,10992,1.0992,49.02432,4.051596694,3.399691,0.691865,Agricultural,Bradley,41.16467102,-87.81988903,14,26,4989,-87.81988903,41.16467102
5002,97,2.97,13.5,0.00303,0.77,527485987,527.485987,Blanchard_Nat_71_F_Co,Blanchard,71,Nat,F,Co,5002,0.0273,13.9,1.219298246,0.00873,0.18,11081,1.1081,15.40259,1.351104386,1.079867,0.823221,Natural,Blanchard,41.03727398,-83.81345096,2,25,5002,-83.81345096,41.03727398
5006,97.2,2.8,13.5,0.00482,0.807,559469508,559.469508,Kakanee_Nat_169_F_Wa,Kakanee,169,Nat,F,Wa,5006,0.0139,12.1,0.8768115942,0.00392,1.9,13312,1.3312,16.10752,1.167211594,0.975637,0.09502,Natural,Kakanee,41.15132703,-87.89857297,14,81,5006,-87.89857297,41.15132703
5008,97.2,2.83,14.4,0.00295,0.959,515943017,515.943017,Mulberry_Ag_112_M_Co,Mulberry,112,Ag,M,Co,5008,0.0268,15.4,1.140740741,0.00502,0.806,11887,1.1887,18.30598,1.355998519,1.170983,0.2498,Agricultural,Mulberry,38.755485,-89.272475,5,50,5008,-89.272475,38.755485
5015,97.3,2.72,13.2,0.00253,0.733,543032563,543.032563,Weston_Ag_176_M_So,Weston,176,Ag,M,So,5015,0.0287,12.3,0.9111111111,0.0053,0.155,13260,1.326,16.3098,1.208133333,1.053901,0.224116,Agricultural,Weston,41.37218297,-83.79889,1,24,5015,-83.79889,41.37218297
5018,97.1,2.89,14.6,0.00345,0.898,512539503,512.539503,Mccombe_Ag_106_M_Wa,Mccombe,106,Ag,M,Wa,5018,0.175,25.6,1.777777778,0.0152,1.92,5480,0.548,14.0288,0.9742222222,1.142587,0.29626,Agricultural,Mccombe,41.06360497,-83.78943597,2,64,5018,-83.78943597,41.06360497
5031,97.2,2.8,15.8,0.00381,0.984,525300024,525.300024,Greentree_Nat_115_M_Co,Greentree,115,Nat,M,Co,5031,0.0228,16.5,1.25,0.0053,0.214,12271,1.2271,20.24715,1.533875,1.454662,0.606623,Natural,Greentree,38.558781,-90.447501,7,40,5031,-90.447501,38.558781
5032,97.6,2.43,13.6,0.00399,0.992,537194643,537.194643,Weston_Ag_188_F_Wa,Weston,188,Ag,F,Wa,5032,1.00E-05,7.43,0.5089041096,0.00319,1.42,45887,4.5887,34.094041,2.335208288,0.987727,0.189585,Agricultural,Weston,41.37218297,-83.79889,1,103,5032,-83.79889,41.37218297
5040,96.6,3.39,12,0.00267,0.677,527867565,527.867565,Maume_Nat_69_F_Wa,Maume,69,Nat,F,Wa,5040,1.47E-02,13,0.9558823529,0.00402,0.629,11695,1.1695,15.2035,1.117904412,1.138809,0.251363,Natural,Maume,41.55656599,-83.66247503,1,19,5040,-83.66247503,41.55656599
5053,97.4,2.62,14.6,0.00394,1.07,513250669,513.250669,Kansas_Nat_193_M_Co,Kansas,193,Nat,M,Co,5053,0.0254,15,1.25,0.00487,0.496,11732,1.1732,17.598,1.4665,1.173391,0.126317,Natural,Kansas,39.001464,-95.239938,16,17,5053,-95.239938,39.001464
5061,97.7,2.34,11.6,0.00318,0.801,571934456,571.934456,Jackson_Ag_88_M_So,Jackson,88,Ag,M,So,5061,0.00106,27.1,1.856164384,0.00682,1.14,11843,1.1843,32.09453,2.198255479,2.564173,0.426226,Agricultural,Jackson,39.463458,-91.98047097,10,74,5061,-91.98047097,39.463458
5066,96.8,3.15,15,0.00334,0.91,496888450,496.88845,Maume_Nat_1_M_Co,Maume,1,Nat,M,Co,5066,0.0241,16,1.379310345,0.00659,0.633,11168,1.1168,17.8688,1.540413793,1.17442,0.267221,Natural,Maume,41.55656599,-83.66247503,1,75,5066,-83.66247503,41.55656599
5073,98.2,1.83,13.5,0.00241,0.646,549280898,549.280898,Nunemaker_Ag_66_F_Wa,Nunemaker,66,Ag,F,Wa,5073,0.00085,111,7.4,0.00234,1.4,10001,1.0001,111.0111,7.40074,7.886072,2.465625,Agricultural,Nunemaker,38.988681,-95.215847,16,54,5073,-95.215847,38.988681
5079,97.1,2.89,12.7,0.0027,0.88,550064143,550.064143,FoxRidge_Nat_7_M_Co,FoxRidge,7,Nat,M,Co,5079,0.0251,12.6,0.9333333333,0.00396,0.912,12298,1.2298,15.49548,1.147813333,1.072005,0.11379,Natural,FoxRidge,39.393248,-88.163216,4,14,5079,-88.163216,39.393248
5084,97.1,2.88,11.9,0.00249,0.528,552146115,552.146115,Chesterfield_Ag_48_F_So,Chesterfield,48,Ag,F,So,5084,0.122,18.1,1.42519685,0.0256,0.449,4877,0.4877,8.82737,0.6950685039,0.998311,0.171547,Agricultural,Chesterfield,38.66890403,-90.63545798,7,97,5084,-90.63545798,38.66890403
5086,97.5,2.47,12.1,0.00255,0.814,549751087,549.751087,Weston_Ag_161_M_Wa,Weston,161,Ag,M,Wa,5086,0.2,17.4,1.462184874,0.00304,3.23,14494,1.4494,25.21956,2.119290756,1.072535,0.342988,Agricultural,Weston,41.37218297,-83.79889,1,113,5086,-83.79889,41.37218297
5089,97.3,2.67,12.2,0.00215,0.858,546247637,546.247637,WeldonSprings_Nat_83_F_Wa,WeldonSprings,83,Nat,F,Wa,5089,0.115,21.1,1.743801653,0.0109,1.39,5718,0.5718,12.06498,0.9971057851,1.024122,0.070054,Natural,WeldonSprings,38.65643696,-90.73639403,8,136,5089,-90.73639403,38.65643696
5097,96.9,3.14,16.1,0.00315,1.36,492267912,492.267912,Mulberry_Ag_10_F_Co,Mulberry,10,Ag,F,Co,5097,0.00235,50.6,4.147540984,0.00398,2.87,11057,1.1057,55.94842,4.585936066,3.228694,0.835911,Agricultural,Mulberry,38.755485,-89.272475,5,115,5097,-89.272475,38.755485
5098,97.1,2.95,13.7,0.00241,0.663,559085623,559.085623,Bradley_Ag_128_F_Co,Bradley,128,Ag,F,Co,5098,0.0334,13.8,0.8571428571,0.00595,0.138,10458,1.0458,14.43204,0.8964,0.955782,0.078189,Agricultural,Bradley,41.16467102,-87.81988903,14,116,5098,-87.81988903,41.16467102
5099,97.1,2.87,14,0.00204,0.617,538435980,538.43598,Granite_Ag_46_M_Co,Granite,46,Ag,M,Co,5099,0.0104,19.4,1.416058394,0.00555,1.97,11654,1.1654,22.60876,1.650274453,1.555686,0.163267,Agricultural,Granite,38.670222,-90.065665,6,118,5099,-90.065665,38.670222
5100,97.3,2.66,13.3,0.00191,0.699,547325246,547.325246,Lawrence_Nat_158_F_Co,Lawrence,158,Nat,F,Co,5100,0.0248,14.3,1.021428571,0.00328,0.544,11654,1.1654,16.66522,1.190372857,1.115176,0.212183,Natural,Lawrence,38.927036,-95.241462,17,168,5100,-95.241462,38.927036
5102,97.2,2.77,11,0.00212,0.6,551565718,551.565718,Nunemaker_Ag_172_F_Wa,Nunemaker,172,Ag,F,Wa,5102,0.00152,46.7,3.511278195,0.00515,1.53,11034,1.1034,51.52878,3.874344361,4.45214,1.272935,Agricultural,Nunemaker,38.988681,-95.215847,16,119,5102,-95.215847,38.988681
5105,98.1,1.92,12.4,0.00244,0.666,540974064,540.974064,Lawrence_Nat_33_M_Co,Lawrence,33,Nat,M,Co,5105,0.025,13.2,1.2,0.00645,0.693,10833,1.0833,14.29956,1.29996,1.075129,0.235507,Natural,Lawrence,38.927036,-95.241462,17,122,5105,-95.241462,38.927036
5110,97.1,2.92,12.3,0.00252,0.77,566943748,566.943748,Aurora_Nat_107_F_Co,Aurora,107,Nat,F,Co,5110,0.022,10.7,0.8629032258,0.00512,0.16,12991,1.2991,13.90037,1.120997581,0.931424,0.277739,Natural,Aurora,39.05562996,-84.89810603,3,123,5110,-84.89810603,39.05562996
5115,97.2,2.78,12,0.00311,0.701,559687113,559.687113,Aurora_Nat_73_M_Wa,Aurora,73,Nat,M,Wa,5115,0.0249,13,1.056910569,0.00684,0.198,11431,1.1431,14.8603,1.208154472,1.050158,0.299323,Natural,Aurora,39.05562996,-84.89810603,3,130,5115,-84.89810603,39.05562996
5116,97.4,2.65,12.1,0.00277,0.777,535046470,535.04647,Keysport_Nat_43_F_Co,Keysport,43,Nat,F,Co,5116,0.0356,14,1.166666667,0.00508,0.467,10908,1.0908,15.2712,1.2726,1.140712,0.212186,Natural,Keysport,38.732444,-89.277403,5,148,5116,-89.277403,38.732444
5117,97.2,2.85,17,0.00399,0.903,519134047,519.134047,Bradley_Ag_170_M_Co,Bradley,170,Ag,M,Co,5117,0.00257,51.1,4.223140496,0.00665,3.01,11145,1.1145,56.95095,4.706690083,3.358486,0.922193,Agricultural,Bradley,41.16467102,-87.81988903,14,89,5117,-87.81988903,41.16467102
5122,97.2,2.75,13,0.00208,0.846,573189722,573.189722,Mccombe_Ag_38_F_Co,Mccombe,38,Ag,F,Co,5122,0.0337,13,0.7647058824,0.00401,0.356,11450,1.145,14.885,0.8755882353,0.982509,0.080288,Agricultural,Mccombe,41.06360497,-83.78943597,2,61,5122,-83.78943597,41.06360497
5125,97,3.03,13.2,0.00324,0.95,551412699,551.412699,Kakanee_Nat_61_F_Wa,Kakanee,61,Nat,F,Wa,5125,1.00E-05,6.89,0.53,0.00474,1.15,25137,2.5137,17.319393,1.332261,0.954502,0.100025,Natural,Kakanee,41.15132703,-87.89857297,14,124,5125,-87.89857297,41.15132703
5134,97.1,2.94,11.5,0.00168,0.639,579755001,579.755001,AgLaughrey_Ag_74_F_Co,AgLaughrey,74,Ag,F,Co,5134,5.21E-04,45,3.409090909,0.00301,1.36,11043,1.1043,49.6935,3.764659091,3.645526,0.57177,Agricultural,AgLaughrey,39.01893298,-84.92674196,3,125,5134,-84.92674196,39.01893298
5136,97,3.04,11.6,0.00178,0.723,580527717,580.527717,AgLaughrey_Ag_40_F_Co,AgLaughrey,40,Ag,F,Co,5136,0.000763,45.6,3.965217391,0.0033,1.15,11455,1.1455,52.2348,4.542156522,3.695114,0.981644,Agricultural,AgLaughrey,39.01893298,-84.92674196,3,99,5136,-84.92674196,39.01893298
5137,97.4,2.64,11.9,0.00318,0.779,543475412,543.475412,Pontiac_Nat_59_F_So,Pontiac,59,Nat,F,So,5137,0.0324,13,1.120689655,0.00802,0.541,10026,1.0026,13.0338,1.123603448,1.02347,0.189692,Natural,Pontiac,40.87326997,-88.62446599,13,91,5137,-88.62446599,40.87326997
5138,96.7,3.3,14,0.00265,1.02,535570564,535.570564,Maume_Nat_175_F_Co,Maume,175,Nat,F,Co,5138,0.0251,13.7,1.151260504,0.00509,1.51,11854,1.1854,16.23998,1.364704202,1.018971,0.137473,Natural,Maume,41.55656599,-83.66247503,1,182,5138,-83.66247503,41.55656599
5142,97.1,2.92,14.5,0.00393,0.877,539710252,539.710252,Prairie_Ag_98_F_So,Prairie,98,Ag,F,So,5142,0.0372,104,7.428571429,0.00855,4.15,10081,1.0081,104.8424,7.488742857,7.574038,2.30322,Agricultural,Prairie,41.35604002,-86.73699299,15,126,5142,-86.73699299,41.35604002
5144,90.4,9.56,19.8,0.0104,1.17,262611203,262.611203,AgLaughrey_Ag_108_M_Co,AgLaughrey,108,Ag,M,Co,5144,0.00154,25.8,1.779310345,0.00643,1.29,11347,1.1347,29.27526,2.018983448,2.425692,0.433556,Agricultural,AgLaughrey,39.01893298,-84.92674196,3,127,5144,-84.92674196,39.01893298
5145,97.1,2.94,19.8,0.00276,0.739,518251370,518.25137,Hickory_Ag_22_F_Co,Hickory,22,Ag,F,Co,5145,0.00597,10.7,0.5404040404,0.00387,0.965,22078,2.2078,23.62346,1.19310404,1.07576,0.109755,Agricultural,Hickory,40.17519498,-90.26269396,11,73,5145,-90.26269396,40.17519498
5147,97.4,2.6,11.8,0.00292,0.784,577916533,577.916533,Mulberry_Ag_142_F_Co,Mulberry,142,Ag,F,Co,5147,0.00146,35.9,1.813131313,0.00615,1.05,11480,1.148,41.2132,2.081474747,3.116942,0.827526,Agricultural,Mulberry,38.755485,-89.272475,5,129,5147,-89.272475,38.755485
5150,97.2,2.77,14.9,0.00233,0.662,540468386,540.468386,Greenup_Ag_200_M_Wa,Greenup,200,Ag,M,Wa,5150,0.0236,13.5,1.144067797,0.0047,0.373,12076,1.2076,16.3026,1.381576271,1.000389,0.118504,Agricultural,Greenup,39.305104,-88.139778,4,131,5150,-88.139778,39.305104
5151,97,3.04,13.6,0.00213,0.801,543068419,543.068419,Keysport_Nat_9_F_Wa,Keysport,9,Nat,F,Wa,5151,0.0246,12.9,0.8657718121,0.00525,0.983,14361,1.4361,18.52569,1.243334899,1.137551,0.699117,Natural,Keysport,38.732444,-89.277403,5,132,5151,-89.277403,38.732444
5156,97,2.98,14.2,0.00267,0.665,551839569,551.839569,Kakanee_Nat_152_M_Co,Kakanee,152,Nat,M,Co,5156,0.057,15.5,1.139705882,0.00472,0.309,11968,1.1968,18.5504,1.364,1.115935,0.205184,Natural,Kakanee,41.15132703,-87.89857297,14,84,5156,-87.89857297,41.15132703
5157,90,10,21,0.0125,0.99,241510763,241.510763,WeldonSprings_Nat_117_M_Co,WeldonSprings,117,Nat,M,Co,5157,0.0252,10.7,0.7535211268,0.00576,0.64,12373,1.2373,13.23911,0.9323316901,1.040081,0.256216,Natural,WeldonSprings,38.65643696,-90.73639403,8,144,5157,-90.73639403,38.65643696
5161,90.4,9.62,18.2,0.012,1.03,239357197,239.357197,Greentree_Nat_145_M_Co,Greentree,145,Nat,M,Co,5161,0.0196,10.5,0.5,0.00755,0.105,10445,1.0445,10.96725,0.52225,1.050682,0.220579,Natural,Greentree,38.558781,-90.447501,7,162,5161,-90.447501,38.558781
5163,97.3,2.66,13.5,0.00267,0.861,549144994,549.144994,Lawrence_Nat_185_F_So,Lawrence,185,Nat,F,So,5163,0.000935,54.7,3.005494505,0.00622,0.832,10906,1.0906,59.65582,3.277792308,4.063073,0.639109,Natural,Lawrence,38.927036,-95.241462,17,135,5163,-95.241462,38.927036
5165,96.8,3.15,11.7,0.00166,0.663,568801169,568.801169,Mulberry_Ag_44_M_So,Mulberry,44,Ag,M,So,5165,0.0085,56.2,4.162962963,0.0041,0.912,10685,1.0685,60.0497,4.448125926,4.552724,1.017472,Agricultural,Mulberry,38.755485,-89.272475,5,137,5165,-89.272475,38.755485
5169,97.3,2.7,15,0.00177,0.862,549593644,549.593644,Maume_Nat_135_M_Wa,Maume,135,Nat,M,Wa,5169,0.00181,41.7,3.564102564,0.00667,1.96,11054,1.1054,46.09518,3.939758974,2.944147,0.611071,Natural,Maume,41.55656599,-83.66247503,1,186,5169,-83.66247503,41.55656599
5170,97.4,2.62,12.7,0.00268,0.844,534982711,534.982711,WSCSoy2_Ag_118_F_So,WSCSoy2,118,Ag,F,So,5170,0.0277,13,0.8666666667,0.00468,0.248,11652,1.1652,15.1476,1.00984,1.02848,0.090901,Agricultural,WSCSoy2,38.6589929,-90.7440433,8,177,5170,-90.7440433,38.6589929
5171,97.6,2.41,12.3,0.00273,0.794,529004467,529.004467,Kansas_Nat_99_M_Co,Kansas,99,Nat,M,Co,5171,0.0108,19.5,1.535433071,0.00487,1.51,10935,1.0935,21.32325,1.678996063,1.493698,0.172289,Natural,Kansas,39.001464,-95.239938,16,82,5171,-95.239938,39.001464
5176,97.3,2.68,11.8,0.00219,0.571,552899347,552.899347,Chesterfield_Ag_82_M_Co,Chesterfield,82,Ag,M,Co,5176,0.0224,12.1,0.9837398374,0.00497,0.358,11341,1.1341,13.72261,1.11565935,1.066766,0.260602,Agricultural,Chesterfield,38.66890403,-90.63545798,7,140,5176,-90.63545798,38.66890403
5183,97.2,2.84,12.1,0.00284,0.888,540985363,540.985363,Knox_Nat_29_F_Co,Knox,29,Nat,F,Co,5183,0.0145,14.5,1.228813559,0.00602,1.48,12325,1.2325,17.87125,1.514512712,1.242624,0.356323,Natural,Knox,41.31732501,-86.746256,15,141,5183,-86.746256,41.31732501
5189,96.8,3.24,14,0.0037,0.95,494482592,494.482592,Kakanee_Nat_127_M_Co,Kakanee,127,Nat,M,Co,5189,0.0228,15.4,1.272727273,0.00397,0.668,11932,1.1932,18.37528,1.518618182,1.290373,0.296038,Natural,Kakanee,41.15132703,-87.89857297,14,185,5189,-87.89857297,41.15132703
5197,97.3,2.68,12,0.00209,0.743,566948585,566.948585,Granite_Ag_144_F_Co,Granite,144,Ag,F,Co,5197,0.0145,17.8,1.271428571,0.0052,0.483,11427,1.1427,20.34006,1.452861429,1.48197,0.264605,Agricultural,Granite,38.670222,-90.065665,6,28,5197,-90.065665,38.670222
5202,97.2,2.77,16.6,0.00326,0.849,517077221,517.077221,FoxRidge_Nat_109_F_Co,FoxRidge,109,Nat,F,Co,5202,0.0153,17.1,1.425,0.00375,0.223,11845,1.1845,20.25495,1.6879125,1.148874,0.160143,Natural,FoxRidge,39.393248,-88.163216,4,139,5202,-88.163216,39.393248
5203,97.4,2.59,13.1,0.00215,0.565,540534263,540.534263,Baldwin_Ag_68_M_Co,Baldwin,68,Ag,M,Co,5203,0.000109,105,6.325301205,0.00253,1.69,10265,1.0265,107.7825,6.492921687,8.300403,2.766685,Agricultural,Baldwin,38.782048,-95.171401,17,143,5203,-95.171401,38.782048
5204,97.5,2.49,12.2,0.00271,0.809,547903891,547.903891,Lawrence_Nat_67_F_So,Lawrence,67,Nat,F,So,5204,0.00202,30.6,2.335877863,0.00607,1.42,10991,1.0991,33.63246,2.567363359,2.563452,0.42963,Natural,Lawrence,38.927036,-95.241462,17,147,5204,-95.241462,38.927036
5205,97.3,2.69,12.8,0.00193,0.668,550217703,550.217703,MarkTwain_Nat_87_M_Wa,MarkTwain,87,Nat,M,Wa,5205,0.147,23.4,1.918032787,0.0115,1.13,5484,0.5484,12.83256,1.05184918,1.039339,0.178191,Natural,MarkTwain,39.46407096,-91.68243396,10,62,5205,-91.68243396,39.46407096
5206,97.3,2.71,13,0.00288,0.775,528749847,528.749847,FoxRidge_Nat_189_F_Co,FoxRidge,189,Nat,F,Co,5206,0.00617,13.1,1.0234375,0.00369,1.98,14261,1.4261,18.68191,1.459524219,1.133237,0.32685,Natural,FoxRidge,39.393248,-88.163216,4,149,5206,-88.163216,39.393248
5208,96.8,3.2,13.6,0.00196,0.621,570882695,570.882695,Browning_Nat_21_F_Co,Browning,21,Nat,F,Co,5208,0.0239,13.9,1.069230769,0.00566,0.281,11930,1.193,16.5827,1.275592308,1.068036,0.310668,Natural,Browning,40.12487104,-90.36914203,11,151,5208,-90.36914203,40.12487104
5209,97,3.04,11.6,0.00183,0.555,571681182,571.681182,Pontoon_Nat_143_F_Co,Pontoon,143,Nat,F,Co,5209,0.00127,82.5,6.066176471,0.00835,3.38,11238,1.1238,92.7135,6.817169118,7.344317,3.544975,Natural,Pontoon,38.699066,-90.068054,6,152,5209,-90.068054,38.699066
5213,96.8,3.17,17,0.00293,0.809,511970280,511.97028,Pekin_Nat_168_M_Co,Pekin,168,Nat,M,Co,5213,0.0225,17.4,1.5,0.00393,0.376,11995,1.1995,20.8713,1.79925,1.153911,0.194544,Natural,Pekin,40.57469501,-89.65567603,12,154,5213,-89.65567603,40.57469501
5216,97,2.99,14.7,0.00306,0.987,519425910,519.42591,Mccombe_Ag_138_M_Wa,Mccombe,138,Ag,M,Wa,5216,0.00309,16.4,0.9647058824,0.00569,0.77,11971,1.1971,19.63244,1.154849412,1.203422,0.511548,Agricultural,Mccombe,41.06360497,-83.78943597,2,120,5216,-83.78943597,41.06360497
5219,97,2.95,15.9,0.0029,0.687,518099772,518.099772,Blanchard_Nat_3_M_Wa,Blanchard,3,Nat,M,Wa,5219,0.00752,8.26,0.5619047619,0.00464,0.776,24460,2.446,20.20396,1.374419048,1.132103,0.226376,Natural,Blanchard,41.03727398,-83.81345096,2,86,5219,-83.81345096,41.03727398
5220,97.3,2.69,12.2,0.00221,0.833,565456532,565.456532,WeldonSprings_Nat_49_M_So,WeldonSprings,49,Nat,M,So,5220,0.201,21.9,1.377358491,0.00948,1.82,6696,0.6696,14.66424,0.9222792453,1.030406,0.279434,Natural,WeldonSprings,38.65643696,-90.73639403,8,156,5220,-90.73639403,38.65643696
5221,97,2.98,12.2,0.00277,0.929,556893969,556.893969,Knox_Nat_154_M_So,Knox,154,Nat,M,So,5221,0.00579,7.25,0.5942622951,0.00381,0.193,23831,2.3831,17.277475,1.416186475,1.168781,0.611269,Natural,Knox,41.31732501,-86.746256,15,114,5221,-86.746256,41.31732501
5222,97.1,2.88,14.9,0.0045,0.797,514659776,514.659776,Bradley_Ag_96_M_Co,Bradley,96,Ag,M,Co,5222,0.0266,16.1,1.319672131,0.00587,0.25,10876,1.0876,17.51036,1.43527541,1.174011,0.098013,Agricultural,Bradley,41.16467102,-87.81988903,14,157,5222,-87.81988903,41.16467102
5223,97.3,2.65,11.7,0.00278,0.927,537675652,537.675652,Keysport_Nat_179_F_Wa,Keysport,179,Nat,F,Wa,5223,0.00639,21.3,1.429530201,0.00779,1.56,11569,1.1569,24.64197,1.65382349,2.124318,0.319289,Natural,Keysport,38.732444,-89.277403,5,18,5223,-89.277403,38.732444
5225,97.5,2.48,12,0.00206,0.618,551749948,551.749948,Nunemaker_Ag_194_M_Co,Nunemaker,194,Ag,M,Co,5225,0.0015,51.7,4.418803419,0.00472,0.997,10820,1.082,55.9394,4.781145299,4.391334,0.795815,Agricultural,Nunemaker,38.988681,-95.215847,16,112,5225,-95.215847,38.988681
5227,97.5,2.54,13,0.00253,0.807,542150741,542.150741,Chesterfield_Ag_14_F_Wa,Chesterfield,14,Ag,F,Wa,5227,0.00635,13.5,1.125,0.00403,0.501,10984,1.0984,14.8284,1.2357,1.022787,0.103811,Agricultural,Chesterfield,38.66890403,-90.63545798,7,159,5227,-90.63545798,38.66890403
5233,97.5,2.54,13,0.00236,0.801,548881820,548.88182,Hickory_Ag_122_F_Wa,Hickory,122,Ag,F,Wa,5233,0.00423,29.9,2.3,0.0095,1.77,11510,1.151,34.4149,2.6473,2.616637,0.853029,Agricultural,Hickory,40.17519498,-90.26269396,11,88,5233,-90.26269396,40.17519498
5234,97.4,2.61,13.1,0.00253,0.624,538210723,538.210723,WSCSoy2_Ag_50_M_Wa,WSCSoy2,50,Ag,M,Wa,5234,0.0218,13.8,1.061538462,0.00569,0.36,11441,1.1441,15.78858,1.214506154,1.096516,0.288624,Agricultural,WSCSoy2,38.6589929,-90.7440433,8,30,5234,-90.7440433,38.6589929
5238,97.4,2.56,12.6,0.0029,0.937,521327077,521.327077,Nunemaker_Ag_184_M_Co,Nunemaker,184,Ag,M,Co,5238,0.0117,19.3,1.473282443,0.00549,1.51,11514,1.1514,22.22202,1.696337405,1.708867,0.170021,Agricultural,Nunemaker,38.988681,-95.215847,16,134,5238,-95.215847,38.988681
5239,97,2.96,15.8,0.00292,0.84,520467633,520.467633,Mulberry_Ag_165_F_Co,Mulberry,165,Ag,F,Co,5239,0.0132,66.3,5.261904762,0.00626,5.3,11312,1.1312,74.99856,5.952266667,4.607203,0.815994,Agricultural,Mulberry,38.755485,-89.272475,5,161,5239,-89.272475,38.755485
5242,97.2,2.84,13,0.00261,0.731,532140988,532.140988,Mulberry_Ag_78_F_So,Mulberry,78,Ag,F,So,5242,0.453,25.3,1.601265823,0.0131,1.18,5278,0.5278,13.35334,0.8451481013,1.105622,0.203483,Agricultural,Mulberry,38.755485,-89.272475,5,104,5242,-89.272475,38.755485
5244,96.9,3.06,14.4,0.00274,0.673,534214539,534.214539,Nunemaker_Ag_132_F_So,Nunemaker,132,Ag,F,So,5244,0.0186,37.2,2.861538462,0.00498,1.87,11221,1.1221,41.74212,3.210932308,2.672092,0.438378,Agricultural,Nunemaker,38.988681,-95.215847,16,173,5244,-95.215847,38.988681
5247,96.9,3.12,13.8,0.00278,0.809,533591101,533.591101,Prairie_Ag_155_F_Wa,Prairie,155,Ag,F,Wa,5247,0.0174,34.9,2.423611111,0.00436,2.49,11626,1.1626,40.57474,2.817690278,2.67012,0.521067,Agricultural,Prairie,41.35604002,-86.73699299,15,169,5247,-86.73699299,41.35604002
5249,97.5,2.48,11.6,0.00266,1.02,542877079,542.877079,Chesterfield_Ag_116_M_Co,Chesterfield,116,Ag,M,Co,5249,0.000797,39.1,2.833333333,0.00434,2.84,10826,1.0826,42.32966,3.067366667,3.407712,0.69218,Agricultural,Chesterfield,38.66890403,-90.63545798,7,158,5249,-90.63545798,38.66890403
5258,97.1,2.9,14.1,0.00282,0.689,531800500,531.8005,Granite_Ag_80_F_Co,Granite,80,Ag,F,Co,5258,0.0136,41.6,3.586206897,0.00433,3.97,11659,1.1659,48.50144,4.181158621,3.179662,0.599457,Agricultural,Granite,38.670222,-90.065665,6,59,5258,-90.065665,38.670222
5261,97.1,2.9,11,0.0025,0.679,503901997,503.901997,Greenup_Ag_163_M_Wa,Greenup,163,Ag,M,Wa,5261,0.0254,12.2,0.865248227,0.00514,0.274,10850,1.085,13.237,0.9387943262,1.223277,0.214245,Agricultural,Greenup,39.305104,-88.139778,4,165,5261,-88.139778,39.305104
5262,97.5,2.49,12.4,0.00278,1.02,505064603,505.064603,HWY66_Ag_126_M_Wa,HWY66,126,Ag,M,Wa,5262,1.00E-05,12.5,1.136363636,0.00457,0.829,12694,1.2694,15.8675,1.4425,1.189271,0.266777,Agricultural,HWY66,40.82949003,-88.66930699,13,52,5262,-88.66930699,40.82949003
5264,97.2,2.77,13,0.00213,0.737,545535279,545.535279,Baldwin_Ag_174_M_Co,Baldwin,174,Ag,M,Co,5264,0.0227,12.9,1.040322581,0.00439,0.821,13262,1.3262,17.10798,1.379675806,1.155394,0.677837,Agricultural,Baldwin,38.782048,-95.171401,17,72,5264,-95.171401,38.782048
5268,97.3,2.75,13.7,0.00177,0.797,558050143,558.050143,Prairie_Ag_130_M_Wa,Prairie,130,Ag,M,Wa,5268,0.000982,56.8,4.369230769,0.00491,1.39,10800,1.08,61.344,4.718769231,4.138605,0.683631,Agricultural,Prairie,41.35604002,-86.73699299,15,166,5268,-86.73699299,41.35604002
5270,97.3,2.73,13.6,0.00224,0.783,529470809,529.470809,WSCSoy2_Ag_16_M_Co,WSCSoy2,16,Ag,M,Co,5270,3.75E-03,25.3,1.846715328,0.00732,1.45,11702,1.1702,29.60606,2.161026277,2.135131,0.218908,Agricultural,WSCSoy2,38.6589929,-90.7440433,8,167,5270,-90.7440433,38.6589929
5271,97.2,2.76,12.9,0.00293,0.63,531932232,531.932232,Nunemaker_Ag_32_F_Wa,Nunemaker,32,Ag,F,Wa,5271,0.00115,37.3,2.742647059,0.00596,2.05,11563,1.1563,43.12999,3.171322794,3.256927,0.440975,Agricultural,Nunemaker,38.988681,-95.215847,16,69,5271,-95.215847,38.988681
5277,97.3,2.74,11.8,0.00224,0.783,563734863,563.734863,Pontiac_Nat_125_F_Co,Pontiac,125,Nat,F,Co,5277,0.0247,9.79,0.7589147287,0.0037,1.19,16976,1.6976,16.619504,1.288333643,1.110813,0.694699,Natural,Pontiac,40.87326997,-88.62446599,13,170,5277,-88.62446599,40.87326997
5284,97.9,2.11,12.5,0.00186,0.761,549603326,549.603326,Pontoon_Nat_113_M_Co,Pontoon,113,Nat,M,Co,5284,1.00E-05,12.5,1.059322034,0.00462,0.561,13194,1.3194,16.4925,1.397669492,1.082069,0.238257,Natural,Pontoon,38.699066,-90.068054,6,171,5284,-90.068054,38.699066
5285,96.8,3.15,14,0.00221,0.716,547517913,547.517913,Bradley_Ag_182_F_Co,Bradley,182,Ag,F,Co,5285,0.00469,26.5,2.12,0.00687,0.948,11301,1.1301,29.94765,2.395812,2.078357,0.217613,Agricultural,Bradley,41.16467102,-87.81988903,14,164,5285,-87.81988903,41.16467102
5287,97.4,2.6,15.5,0.00277,0.964,500892326,500.892326,Baldwin_Ag_159_F_Co,Baldwin,159,Ag,F,Co,5287,0.00622,17.7,1.264285714,0.00639,0.944,11155,1.1155,19.74435,1.410310714,1.273911,0.258148,Agricultural,Baldwin,38.782048,-95.171401,17,145,5287,-95.171401,38.782048
5294,97,2.99,13.3,0.00197,0.677,561397884,561.397884,Blanchard_Nat_105_F_Wa,Blanchard,105,Nat,F,Wa,5294,0.0215,14,0.9032258065,0.00674,0.178,11394,1.1394,15.9516,1.029135484,1.066041,0.330232,Natural,Blanchard,41.03727398,-83.81345096,2,39,5294,-83.81345096,41.03727398
5296,97.5,2.51,13,0.00218,0.525,542481862,542.481862,Nunemaker_Ag_157_M_So,Nunemaker,157,Ag,M,So,5296,0.00533,42.7,3.210526316,0.00664,2.42,11606,1.1606,49.55762,3.726136842,3.667131,0.609717,Agricultural,Nunemaker,38.988681,-95.215847,16,78,5296,-95.215847,38.988681
5300,97,3.04,13,0.00306,0.918,521031982,521.031982,Pekin_Nat_23_F_Co,Pekin,23,Nat,F,Co,5300,4.33E-02,11.5,0.8846153846,0.00401,1.55,15640,1.564,17.986,1.383538462,1.020997,0.088522,Natural,Pekin,40.57469501,-89.65567603,12,172,5300,-89.65567603,40.57469501
5312,96.8,3.23,11.6,0.00142,0.809,575441057,575.441057,Keysport_Nat_141_F_So,Keysport,141,Nat,F,So,5312,0.0282,12.4,0.9538461538,0.00622,0.225,11065,1.1065,13.7206,1.055430769,1.017607,0.340075,Natural,Keysport,38.732444,-89.277403,5,175,5312,-89.277403,38.732444
5316,96.6,3.44,12.2,0.00227,0.838,556450998,556.450998,Browning_Nat_121_M_Co,Browning,121,Nat,M,Co,5316,0.00845,13.5,1.163793103,0.00513,1.09,11134,1.1134,15.0309,1.295767241,1.00618,0.426651,Natural,Browning,40.12487104,-90.36914203,11,176,5316,-90.36914203,40.12487104
5317,97.4,2.61,13.1,0.00202,0.664,555748530,555.74853,Kansas_Nat_171_M_Co,Kansas,171,Nat,M,Co,5317,0.0216,12.9,1.057377049,0.00479,0.191,12152,1.2152,15.67608,1.28492459,1.026731,0.117816,Natural,Kansas,39.001464,-95.239938,16,163,5317,-95.239938,39.001464
5320,97.2,2.78,14.9,0.00286,0.885,518257373,518.257373,Gascondale_Nat_85_M_Co,Gascondale,85,Nat,M,Co,5320,0.0199,15.4,1.175572519,0.00333,0.69,12133,1.2133,18.68482,1.426322137,1.191073,0.108859,Natural,Gascondale,38.66783702,-91.55559699,9,138,5320,-91.55559699,38.66783702
5321,97.4,2.61,13.2,0.00265,1.11,522437113,522.437113,Kansas_Nat_156_M_So,Kansas,156,Nat,M,So,5321,0.082,16.1,1.080536913,0.00819,1.31,10669,1.0669,17.17709,1.152824832,1.144478,0.430513,Natural,Kansas,39.001464,-95.239938,16,178,5321,-95.239938,39.001464
5323,97,2.99,11.2,0.00188,0.654,570995144,570.995144,Greenup_Ag_140_M_Co,Greenup,140,Ag,M,Co,5323,0.00126,47.2,3.575757576,0.00556,0.611,11134,1.1134,52.55248,3.981248485,4.112547,0.773469,Agricultural,Greenup,39.305104,-88.139778,4,44,5323,-88.139778,39.305104
5325,96.6,3.44,15.8,0.00304,1.13,531450328,531.450328,Pekin_Nat_91_M_So,Pekin,91,Nat,M,So,5325,0.0325,16.2,1.446428571,0.00539,0.837,10965,1.0965,17.7633,1.586008929,1.031097,0.240118,Natural,Pekin,40.57469501,-89.65567603,12,183,5325,-89.65567603,40.57469501
5326,96.2,3.78,13.6,0.00196,1.13,569607625,569.607625,Kakanee_Nat_95_M_Wa,Kakanee,95,Nat,M,Wa,5326,0.0316,15.1,0.9556962025,0.00809,0.882,10477,1.0477,15.82027,1.001282911,1.030279,0.605656,Natural,Kakanee,41.15132703,-87.89857297,14,174,5326,-87.89857297,41.15132703
5329,96.9,3.14,12.9,0.00222,0.839,563866410,563.86641,Browning_Nat_55_M_Wa,Browning,55,Nat,M,Wa,5329,0.0289,13.2,0.9705882353,0.00625,1.63,11878,1.1878,15.67896,1.152864706,0.978522,0.458694,Natural,Browning,40.12487104,-90.36914203,11,96,5329,-90.36914203,40.12487104
5330,97.1,2.95,12.9,0.00226,0.672,556247924,556.247924,Blanchard_Nat_37_M_Co,Blanchard,37,Nat,M,Co,5330,0.171,24.1,1.868217054,0.0214,0.521,4464,0.4464,10.75824,0.833972093,1.049186,0.396784,Natural,Blanchard,41.03727398,-83.81345096,2,98,5330,-83.81345096,41.03727398
5333,97.1,2.86,12.9,0.00207,0.82,548960878,548.960878,Weston_Ag_70_M_Co,Weston,70,Ag,M,Co,5333,0.0306,14.8,1.147286822,0.00506,0.713,11470,1.147,16.9756,1.315937984,1.155373,0.379922,Agricultural,Weston,41.37218297,-83.79889,1,22,5333,-83.79889,41.37218297
5334,96.6,3.43,13.5,0.00219,0.925,567156192,567.156192,Browning_Nat_149_M_Wa,Browning,149,Nat,M,Wa,5334,0.027,13.8,1.069767442,0.00672,0,10738,1.0738,14.81844,1.148716279,0.995081,0.312909,Natural,Browning,40.12487104,-90.36914203,11,184,5334,-90.36914203,40.12487104
5337,96.1,3.94,12.6,0.00241,1.1,540859892,540.859892,Maume_Nat_103_M_Wa,Maume,103,Nat,M,Wa,5337,0.00305,11.4,0.8444444444,0.00658,3.58,15277,1.5277,17.41578,1.290057778,1.118316,0.364485,Natural,Maume,41.55656599,-83.66247503,1,187,5337,-83.66247503,41.55656599
5343,97.4,2.6,12.2,0.00263,0.929,563821797,563.821797,Greentree_Nat_47_M_So,Greentree,47,Nat,M,So,5343,0.0122,35.5,2.817460317,0.00512,1.92,11367,1.1367,40.35285,3.202607143,2.978259,0.884459,Natural,Greentree,38.558781,-90.447501,7,38,5343,-90.447501,38.558781
5346,97.3,2.66,12.2,0.00245,0.796,538792752,538.792752,Greenup_Ag_110_M_Wa,Greenup,110,Ag,M,Wa,5346,0.0193,13.2,1.081967213,0.00558,0.362,10661,1.0661,14.07252,1.153485246,1.103935,0.209796,Agricultural,Greenup,39.305104,-88.139778,4,13,5346,-88.139778,39.305104
5348,97.1,2.88,16.4,0.00304,1.07,503688302,503.688302,Pekin_Nat_57_F_Co,Pekin,57,Nat,F,Co,5348,0.0189,17.9,1.467213115,0.00595,1.33,10968,1.0968,19.63272,1.609239344,1.165779,0.191303,Natural,Pekin,40.57469501,-89.65567603,12,12,5348,-89.65567603,40.57469501
5357,96.6,3.38,13.8,0.00241,1.04,538116173,538.116173,Greenup_Ag_196_F_Co,Greenup,196,Ag,F,Co,5357,0.0183,14.4,0.8780487805,0.0048,2.39,12833,1.2833,18.47952,1.1268,1.11459,0.219389,Agricultural,Greenup,39.305104,-88.139778,4,11,5357,-88.139778,39.305104
5359,97,2.99,13.5,0.00197,0.654,561555240,561.55524,AgLaughrey_Ag_6_F_Wa,AgLaughrey,6,Ag,F,Wa,5359,0.00342,31.2,2.260869565,0.00649,1.57,11135,1.1135,34.7412,2.517478261,2.448496,0.322776,Agricultural,AgLaughrey,39.01893298,-84.92674196,3,10,5359,-84.92674196,39.01893298
5368,97.4,2.59,13.8,0.00201,0.661,539475306,539.475306,Gascondale_Nat_17_F_Wa,Gascondale,17,Nat,F,Wa,5368,0.0019,33.7,2.496296296,0.00567,1.37,11530,1.153,38.8561,2.87822963,2.741301,0.451433,Natural,Gascondale,38.66783702,-91.55559699,9,153,5368,-91.55559699,38.66783702
5369,97,3.03,12.4,0.00244,0.745,532493473,532.493473,Kansas_Nat_31_F_Co,Kansas,31,Nat,F,Co,5369,0.014,11,0.7971014493,0.00323,3.37,27477,2.7477,30.2247,2.190195652,1.077909,0.240758,Natural,Kansas,39.001464,-95.239938,16,9,5369,-95.239938,39.001464
5375,90.2,9.79,19.1,0.0109,1.03,251125492,251.125492,FoxRidge_Nat_41_F_Co,FoxRidge,41,Nat,F,Co,5375,0.141,21,1.693548387,0.0182,0.362,4722,0.4722,9.9162,0.7996935484,1.114667,0.196394,Natural,FoxRidge,39.393248,-88.163216,4,8,5375,-88.163216,39.393248
5377,97.3,2.73,13.3,0.00193,0.625,544680991,544.680991,Greentree_Nat_81_F_Wa,Greentree,81,Nat,F,Wa,5377,0.0222,12.5,0.6544502618,0.00358,0.657,13517,1.3517,16.89625,0.8846204188,1.107118,0.254838,Natural,Greentree,38.558781,-90.447501,7,7,5377,-90.447501,38.558781
5378,96.9,3.12,11.7,0.0025,0.579,543214345,543.214345,Keysport_Nat_111_M_Wa,Keysport,111,Nat,M,Wa,5378,0.0154,12,0.9022556391,0.00427,0.83,12446,1.2446,14.9352,1.122947368,1.158623,0.116197,Natural,Keysport,38.732444,-89.277403,5,6,5378,-89.277403,38.732444
5380,97,2.97,18.2,0.00283,0.991,511656529,511.656529,Hickory_Ag_56_M_Co,Hickory,56,Ag,M,Co,5380,0.00334,19.6,1.675213675,0.00355,0.565,10844,1.0844,21.25424,1.816601709,1.13122,0.122019,Agricultural,Hickory,40.17519498,-90.26269396,11,95,5380,-90.26269396,40.17519498
5381,97.4,2.59,12,0.00196,0.787,565790904,565.790904,Granite_Ag_12_F_Wa,Granite,12,Ag,F,Wa,5381,0.0166,10.9,0.5989010989,0.00584,0.202,12083,1.2083,13.17047,0.7236521978,0.97563,0.108648,Agricultural,Granite,38.670222,-90.065665,6,5,5381,-90.065665,38.670222
5385,97.1,2.9,15.3,0.002,0.862,538461673,538.461673,FoxRidge_Nat_162_M_Co,FoxRidge,162,Nat,M,Co,5385,0.0267,15.7,1.308333333,0.0051,0.388,10405,1.0405,16.33585,1.361320833,1.000491,0.137205,Natural,FoxRidge,39.393248,-88.163216,4,4,5385,-88.163216,39.393248
5387,97.3,2.65,13.2,0.00281,1,521948161,521.948161,Hernan_Ag_167_F_So,Hernan,167,Ag,F,So,5387,0.0028,35.5,2.320261438,0.0068,2.64,10948,1.0948,38.8654,2.540222222,2.869221,0.619931,Agricultural,Hernan,38.63920603,-91.51230698,9,121,5387,-91.51230698,38.63920603
5389,97.3,2.66,12.5,0.00307,0.7,541043570,541.04357,Blanchard_Nat_137_F_So,Blanchard,137,Nat,F,So,5389,0.164,24.3,1.840909091,0.0199,0.839,4872,0.4872,11.83896,0.8968909091,1.078935,0.155271,Natural,Blanchard,41.03727398,-83.81345096,2,45,5389,-83.81345096,41.03727398
5393,97.1,2.92,13.8,0.00188,0.935,558304707,558.304707,Greenup_Ag_42_M_Co,Greenup,42,Ag,M,Co,5393,2.03E-02,13.7,1.096,0.00355,1.47,12150,1.215,16.6455,1.33164,1.04541,0.159673,Agricultural,Greenup,39.305104,-88.139778,4,16,5393,-88.139778,39.305104
5394,97.4,2.6,13.6,0.00204,0.676,541761522,541.761522,Chesterfield_Ag_146_M_Wa,Chesterfield,146,Ag,M,Wa,5394,0.00141,50.1,3.630434783,0.00553,1.32,11538,1.1538,57.80538,4.188795652,4.043677,0.58235,Agricultural,Chesterfield,38.66890403,-90.63545798,7,3,5394,-90.63545798,38.66890403
5395,97.2,2.83,12.9,0.00188,0.729,562375880,562.37588,Greentree_Nat_13_M_So,Greentree,13,Nat,M,So,5395,0.0155,125,9.191176471,0.00759,3.28,7548,0.7548,94.35,6.9375,9.181159,2.141055,Natural,Greentree,38.558781,-90.447501,7,2,5395,-90.447501,38.558781
5396,97.3,2.75,12,0.00212,0.816,560863726,560.863726,FoxRidge_Nat_177_M_Wa,FoxRidge,177,Nat,M,Wa,5396,0.0515,14.8,1.147286822,0.00501,1.5,10090,1.009,14.9332,1.157612403,1.015048,0.093582,Natural,FoxRidge,39.393248,-88.163216,4,1,5396,-88.163216,39.393248
5400,97.5,2.54,13.6,0.00295,0.882,513445143,513.445143,Hernan_Ag_148_M_Co,Hernan,148,Ag,M,Co,5400,0.0167,34.8,2.9,0.00498,1.77,11056,1.1056,38.47488,3.20624,2.793165,0.4582,Agricultural,Hernan,38.63920603,-91.51230698,9,155,5400,-91.51230698,38.63920603